name,latitude,longitude,radius_nm
Alesund_01,62.56020281530177,6.264043364705782,0.5
Alesund_02,62.45833333778329,6.35166666942103,0.5
Alesund_03,62.78650000357524,6.473500002549073,0.5
Alesund_04,62.48566667090277,6.395666669323279,0.5
Alesund_05,62.47850000481876,6.258166669661975,0.5
Alesund_06,62.49000000460614,6.30350000288246,0.5
Alesund_07,62.46216667211368,6.128666670010348,0.5
Alesund_08,62.4857305544521,6.384578990122282,0.5
Alesund_09,62.46416667214635,6.121333336698698,0.5
Alesund_10,62.47240940341081,6.130290068419098,0.5
Alesund_11,62.47966667178275,6.192000003172289,0.5
Alesund_12,62.4744444489063,6.34333333611247,0.5
Alesund_13,62.67953968025812,6.239171200518373,0.5
Alesund_14,62.4780000049615,6.226333336412384,0.5
Alesund_15,62.46566667214627,6.120833336700638,0.5
Alesund_16,62.49166667125005,6.308333336204089,0.5
Alesund_17,62.469166671988695,6.152000003279842,0.5
Alesund_18,62.604823464007154,6.448247135501871,0.5
Alesund_19,62.47583333864184,6.152500003280624,0.5
Alesund_20,62.45950000447307,6.345666669435945,0.5
Alesund_21,62.47250000544744,6.12500000335764,0.5
Alesund_22,62.54916667131468,6.273333336309928,0.5
Alesund_23,62.50152371286562,6.400630807152184,0.5
Alesund_24,62.59169132420146,6.446034910861289,0.5
Alesund_25,62.48439806281217,6.695311181956878,0.5
Alesund_26,62.44850000477721,6.277833002935584,0.5
Alesund_27,62.48535254717592,6.386435766479803,0.5
Alesund_28,62.468311770380005,6.120744425134936,0.5
Alesund_29,62.49639196424359,6.360058549435958,0.5
Alesund_30,62.48500000426061,6.389667002670618,0.5
Alesund_31,62.47903354762247,6.165790051525788,0.5
